r50x50-6000.txt	0.289	multiple	hugi-s1 123 ms NOT unique	hugi-s1-pgo 119 ms NOT unique	load 1.21
r50x50-6001.txt	0.352	multiple	hugi-s1 53 ms NOT unique	hugi-s1-pgo 50 ms NOT unique	load 1.21
r50x50-6002.txt	0.447	multiple	hugi-s1 53 ms NOT unique	hugi-s1-pgo 52 ms NOT unique	load 1.21
r50x50-6003.txt	0.267	multiple	hugi-s1 90 ms NOT unique	hugi-s1-pgo 88 ms NOT unique	load 1.21
r50x50-6004.txt	9.030	multiple	hugi-s1 4274 ms NOT unique	hugi-s1-pgo 4188 ms NOT unique	load 1.16
r50x50-6005.txt	1.367	multiple	hugi-s1 425 ms NOT unique	hugi-s1-pgo 415 ms NOT unique	load 1.15
r50x50-6006.txt	0.233	multiple	hugi-s1 112 ms NOT unique	hugi-s1-pgo 111 ms NOT unique	load 1.15
r50x50-6007.txt	0.891	multiple	hugi-s1 180 ms NOT unique	hugi-s1-pgo 174 ms NOT unique	load 1.15
r50x50-6008.txt	2.854	multiple	hugi-s1 1884 ms NOT unique	hugi-s1-pgo 1845 ms NOT unique	load 1.12
r50x50-6009.txt	2.189	multiple	hugi-s1 1089 ms NOT unique	hugi-s1-pgo 1070 ms NOT unique	load 1.11
r50x50-6010.txt	0.230	multiple	hugi-s1 28 ms NOT unique	hugi-s1-pgo 27 ms NOT unique	load 1.11
r50x50-6011.txt	0.500	multiple	hugi-s1 867 ms NOT unique	hugi-s1-pgo 848 ms NOT unique	load 1.11
r60x60-7000.txt	5.037	multiple	hugi-s1 1899 ms NOT unique	hugi-s1-pgo 1865 ms NOT unique	load 1.10
r60x60-7001.txt	2.208	multiple	hugi-s1 2479 ms NOT unique	hugi-s1-pgo 2446 ms NOT unique	load 1.09
r60x60-7002.txt	8.361	multiple	hugi-s1 7176 ms NOT unique	hugi-s1-pgo 7115 ms NOT unique	load 1.17
r60x60-7003.txt	1.261	multiple	hugi-s1 524 ms NOT unique	hugi-s1-pgo 512 ms NOT unique	load 1.17
r60x60-7004.txt	1.468	multiple	hugi-s1 3768 ms NOT unique	hugi-s1-pgo 3714 ms NOT unique	load 1.15
r60x60-7005.txt	0.655	multiple	hugi-s1 332 ms NOT unique	hugi-s1-pgo 322 ms NOT unique	load 1.13
r60x60-7006.txt	5.340	multiple	hugi-s1 5091 ms NOT unique	hugi-s1-pgo 5009 ms NOT unique	load 1.10
r60x60-7007.txt	0.628	multiple	hugi-s1 504 ms NOT unique	hugi-s1-pgo 482 ms NOT unique	load 1.10
