set	puzzle	result	wall_ms	load
survey	02712-lion	timeout	60009	load 1.72
survey	06574-forever	unique	168	load 1.72
survey	08098-9-dom	unique	1365	load 1.72
survey	09892-nature	multiple	49124	load 1.50
survey	10088-marley	multiple	34240	load 1.35
survey	10810-center	multiple	86	load 1.35
survey	12548-sierp	timeout	60013	load 1.28
survey	18297-thing	timeout	60009	load 1.23
survey	22336-gettys	timeout	60014	load 1.08
random	r50x50-6000	timeout	60009	load 1.10
random	r50x50-6001	multiple	18034	load 1.08
random	r50x50-6002	timeout	60008	load 1.03
random	r50x50-6003	timeout	60009	load 1.05
random	r50x50-6004	timeout	60009	load 1.02
random	r50x50-6005	timeout	60008	load 1.04
random	r50x50-6006	multiple	15949	load 1.03
random	r50x50-6007	timeout	60009	load 1.21
random	r50x50-6008	timeout	60009	load 1.14
random	r50x50-6009	timeout	60010	load 1.11
random	r50x50-6010	multiple	2702	load 1.10
random	r50x50-6011	timeout	60010	load 1.04
random	r60x60-7000	timeout	60009	load 1.29
random	r60x60-7001	timeout	60009	load 1.10
random	r60x60-7002	timeout	60009	load 1.32
random	r60x60-7003	timeout	60009	load 1.33
random	r60x60-7004	timeout	60009	load 1.12
random	r60x60-7005	timeout	60009	load 1.16
random	r60x60-7006	timeout	60010	load 1.32
random	r60x60-7007	timeout	60009	load 1.12
unsolved	29-knotty	timeout	300014	load 1.41
unsolved	33-faase	timeout	300017	load 1.16
