r50x50-6000.txt	65.177	53	multiple
r50x50-6001.txt	179.631	3223	multiple
r50x50-6002.txt	45.550	116	multiple
r50x50-6003.txt	120.772	165	multiple
r50x50-6004.txt	13767.978	328560	multiple
r50x50-6005.txt	213.889	7014	multiple
r50x50-6006.txt	12.553	21	multiple
r50x50-6007.txt	237.074	10120	multiple
r50x50-6008.txt	907.230	28529	multiple
r50x50-6009.txt	2423.297	65749	multiple
r50x50-6010.txt	32.441	15	multiple
r50x50-6011.txt	91.256	70	multiple
r60x60-7000.txt	4339.730	94497	multiple
r60x60-7001.txt	1893.921	39618	multiple
r60x60-7002.txt	17682.439	308215	multiple
r60x60-7003.txt	161.969	190	multiple
r60x60-7004.txt	700.085	16705	multiple
r60x60-7005.txt	543.251	1081	multiple
r60x60-7006.txt	6980.518	151315	multiple
r60x60-7007.txt	80.074	53	multiple
# solved 20/20 par2 50478.8 ms geomean 410.4554 ms
