02712-lion	kissat	0.359	multiple
02712-lion	cadical	0.718	multiple
06574-forever	kissat	0.043	unique
06574-forever	cadical	0.009	unique
08098-9-dom	kissat	0.040	unique
08098-9-dom	cadical	0.044	unique
09892-nature	kissat	0.694	multiple
09892-nature	cadical	1.072	multiple
10088-marley	kissat	0.344	multiple
10088-marley	cadical	0.825	multiple
10810-center	kissat	0.055	multiple
10810-center	cadical	0.037	multiple
12548-sierp	kissat	1.411	multiple
12548-sierp	cadical	1.523	multiple
18297-thing	kissat	1.227	multiple
18297-thing	cadical	1.414	multiple
22336-gettys	kissat	4.266	multiple
22336-gettys	cadical	4.901	multiple
